gvkey,iid,datadate,tic,prccd
001690,01,2023-08-01,AAPL,195.60500000
001690,01,2023-08-02,AAPL,192.58000000
001690,01,2023-08-03,AAPL,191.17000000
001690,01,2023-08-04,AAPL,181.99000000
001690,01,2023-08-07,AAPL,178.85000000
001690,01,2023-08-08,AAPL,179.80000000
001690,01,2023-08-09,AAPL,178.19000000
001690,01,2023-08-10,AAPL,177.97000000
001690,01,2023-08-11,AAPL,177.79000000
001690,01,2023-08-14,AAPL,179.46000000
001690,01,2023-08-15,AAPL,177.45000000
001690,01,2023-08-16,AAPL,176.57000000
001690,01,2023-08-17,AAPL,174.00000000
001690,01,2023-08-18,AAPL,174.49000000
001690,01,2023-08-21,AAPL,175.84000000
001690,01,2023-08-22,AAPL,177.23000000
001690,01,2023-08-23,AAPL,181.12000000
001690,01,2023-08-24,AAPL,176.38000000
001690,01,2023-08-25,AAPL,178.61000000
001690,01,2023-08-28,AAPL,180.19000000
001690,01,2023-08-29,AAPL,184.12000000
001690,01,2023-08-30,AAPL,187.65000000
001690,01,2023-08-31,AAPL,187.87000000
001690,01,2023-09-01,AAPL,189.46000000
001690,01,2023-09-05,AAPL,189.70000000
001690,01,2023-09-06,AAPL,182.91000000
001690,01,2023-09-07,AAPL,177.56000000
001690,01,2023-09-08,AAPL,178.18000000
001690,01,2023-09-11,AAPL,179.36000000
001690,01,2023-09-12,AAPL,176.30000000
001690,01,2023-09-13,AAPL,174.21000000
001690,01,2023-09-14,AAPL,175.74000000
001690,01,2023-09-15,AAPL,175.01000000
001690,01,2023-09-18,AAPL,177.97000000
001690,01,2023-09-19,AAPL,179.07000000
001690,01,2023-09-20,AAPL,175.49000000
001690,01,2023-09-21,AAPL,173.93000000
001690,01,2023-09-22,AAPL,174.79000000
001690,01,2023-09-25,AAPL,176.08000000
001690,01,2023-09-26,AAPL,171.96000000
001690,01,2023-09-27,AAPL,170.43000000
001690,01,2023-09-28,AAPL,170.69000000
001690,01,2023-09-29,AAPL,171.21000000
001690,01,2023-10-02,AAPL,173.75000000
001690,01,2023-10-03,AAPL,172.40000000
001690,01,2023-10-04,AAPL,173.66000000
001690,01,2023-10-05,AAPL,174.91000000
001690,01,2023-10-06,AAPL,177.49000000
001690,01,2023-10-09,AAPL,178.99000000
001690,01,2023-10-10,AAPL,178.39000000
001690,01,2023-10-11,AAPL,179.80000000
001690,01,2023-10-12,AAPL,180.71000000
001690,01,2023-10-13,AAPL,178.85000000
001690,01,2023-10-16,AAPL,178.72000000
001690,01,2023-10-17,AAPL,177.15000000
001690,01,2023-10-18,AAPL,175.84000000
001690,01,2023-10-19,AAPL,175.46000000
001690,01,2023-10-20,AAPL,172.88000000
001690,01,2023-10-23,AAPL,173.00000000
001690,01,2023-10-24,AAPL,173.44000000
001690,01,2023-10-25,AAPL,171.10000000
001690,01,2023-10-26,AAPL,166.89000000
001690,01,2023-10-27,AAPL,168.22000000
001690,01,2023-10-30,AAPL,170.29000000
001690,01,2023-10-31,AAPL,170.77000000
001690,01,2023-11-01,AAPL,173.97000000
001690,01,2023-11-02,AAPL,177.57000000
001690,01,2023-11-03,AAPL,176.65000000
001690,01,2023-11-06,AAPL,179.23000000
001690,01,2023-11-07,AAPL,181.82000000
001690,01,2023-11-08,AAPL,182.89000000
001690,01,2023-11-09,AAPL,182.41000000
001690,01,2023-11-10,AAPL,186.40000000
001690,01,2023-11-13,AAPL,184.80000000
001690,01,2023-11-14,AAPL,187.44000000
001690,01,2023-11-15,AAPL,188.01000000
001690,01,2023-11-16,AAPL,189.71000000
001690,01,2023-11-17,AAPL,189.69000000
001690,01,2023-11-20,AAPL,191.45000000
001690,01,2023-11-21,AAPL,190.64000000
001690,01,2023-11-22,AAPL,191.31000000
001690,01,2023-11-24,AAPL,189.97000000
001690,01,2023-11-27,AAPL,189.79000000
001690,01,2023-11-28,AAPL,190.40000000
001690,01,2023-11-29,AAPL,189.37000000
001690,01,2023-11-30,AAPL,189.95000000
001690,01,2023-12-01,AAPL,191.24000000
001690,01,2023-12-04,AAPL,189.43000000
001690,01,2023-12-05,AAPL,193.42000000
001690,01,2023-12-06,AAPL,192.32000000
001690,01,2023-12-07,AAPL,194.27000000
001690,01,2023-12-08,AAPL,195.71000000
001690,01,2023-12-11,AAPL,193.18000000
001690,01,2023-12-12,AAPL,194.71000000
001690,01,2023-12-13,AAPL,197.96000000
001690,01,2023-12-14,AAPL,198.11000000
001690,01,2023-12-15,AAPL,197.57000000
001690,01,2023-12-18,AAPL,195.89000000
001690,01,2023-12-19,AAPL,196.94000000
001690,01,2023-12-20,AAPL,194.83000000
001690,01,2023-12-21,AAPL,194.68000000
001690,01,2023-12-22,AAPL,193.60000000
001690,01,2023-12-26,AAPL,193.05000000
001690,01,2023-12-27,AAPL,193.15000000
001690,01,2023-12-28,AAPL,193.58000000
001690,01,2023-12-29,AAPL,192.53000000
001690,01,2024-01-02,AAPL,185.64000000
001690,01,2024-01-03,AAPL,184.25000000
001690,01,2024-01-04,AAPL,181.91000000
001690,01,2024-01-05,AAPL,181.18000000
001690,01,2024-01-08,AAPL,185.56000000
001690,01,2024-01-09,AAPL,185.14000000
001690,01,2024-01-10,AAPL,186.19000000
001690,01,2024-01-11,AAPL,185.59000000
001690,01,2024-01-12,AAPL,185.92000000
001690,01,2024-01-16,AAPL,183.63000000
001690,01,2024-01-17,AAPL,182.68000000
001690,01,2024-01-18,AAPL,188.63000000
001690,01,2024-01-19,AAPL,191.56000000
001690,01,2024-01-22,AAPL,193.89000000
001690,01,2024-01-23,AAPL,195.18000000
001690,01,2024-01-24,AAPL,194.50000000
001690,01,2024-01-25,AAPL,194.17000000
001690,01,2024-01-26,AAPL,192.42000000
001690,01,2024-01-29,AAPL,191.73000000
001690,01,2024-01-30,AAPL,188.04000000
001690,01,2024-01-31,AAPL,184.40000000
001690,01,2024-02-01,AAPL,186.86000000
001690,01,2024-02-02,AAPL,185.85000000
001690,01,2024-02-05,AAPL,187.68000000
001690,01,2024-02-06,AAPL,189.30000000
001690,01,2024-02-07,AAPL,189.41000000
001690,01,2024-02-08,AAPL,188.32000000
001690,01,2024-02-09,AAPL,188.85000000
001690,01,2024-02-12,AAPL,187.15000000
001690,01,2024-02-13,AAPL,185.04000000
001690,01,2024-02-14,AAPL,184.15000000
001690,01,2024-02-15,AAPL,183.86000000
001690,01,2024-02-16,AAPL,182.31000000
001690,01,2024-02-20,AAPL,181.56000000
001690,01,2024-02-21,AAPL,182.32000000
001690,01,2024-02-22,AAPL,184.37000000
001690,01,2024-02-23,AAPL,182.52000000
001690,01,2024-02-26,AAPL,181.16000000
001690,01,2024-02-27,AAPL,182.63000000
001690,01,2024-02-28,AAPL,181.42000000
001690,01,2024-02-29,AAPL,180.75000000
001690,01,2024-03-01,AAPL,179.66000000
001690,01,2024-03-04,AAPL,175.10000000
001690,01,2024-03-05,AAPL,170.12000000
001690,01,2024-03-06,AAPL,169.12000000
001690,01,2024-03-07,AAPL,169.00000000
001690,01,2024-03-08,AAPL,170.73000000
001690,01,2024-03-11,AAPL,172.75000000
001690,01,2024-03-12,AAPL,173.23000000
001690,01,2024-03-13,AAPL,171.13000000
001690,01,2024-03-14,AAPL,173.00000000
001690,01,2024-03-15,AAPL,172.62000000
001690,01,2024-03-18,AAPL,173.72000000
001690,01,2024-03-19,AAPL,176.08000000
001690,01,2024-03-20,AAPL,178.67000000
001690,01,2024-03-21,AAPL,171.37000000
001690,01,2024-03-22,AAPL,172.28000000
001690,01,2024-03-25,AAPL,170.85000000
001690,01,2024-03-26,AAPL,169.71000000
001690,01,2024-03-27,AAPL,173.31000000
001690,01,2024-03-28,AAPL,171.48000000
001690,01,2024-04-01,AAPL,170.03000000
001690,01,2024-04-02,AAPL,168.84000000
001690,01,2024-04-03,AAPL,169.65000000
001690,01,2024-04-04,AAPL,168.82000000
001690,01,2024-04-05,AAPL,169.58000000
001690,01,2024-04-08,AAPL,168.45000000
001690,01,2024-04-09,AAPL,169.67000000
001690,01,2024-04-10,AAPL,167.78000000
001690,01,2024-04-11,AAPL,175.04000000
001690,01,2024-04-12,AAPL,176.55000000
001690,01,2024-04-15,AAPL,172.69000000
001690,01,2024-04-16,AAPL,169.38000000
001690,01,2024-04-17,AAPL,168.00000000
001690,01,2024-04-18,AAPL,167.04000000
001690,01,2024-04-19,AAPL,165.00000000
001690,01,2024-04-22,AAPL,165.84000000
001690,01,2024-04-23,AAPL,166.90000000
001690,01,2024-04-24,AAPL,169.02000000
001690,01,2024-04-25,AAPL,169.89000000
001690,01,2024-04-26,AAPL,169.30000000
001690,01,2024-04-29,AAPL,173.50000000
001690,01,2024-04-30,AAPL,170.33000000
001690,01,2024-05-01,AAPL,169.30000000
001690,01,2024-05-02,AAPL,173.03000000
001690,01,2024-05-03,AAPL,183.38000000
001690,01,2024-05-06,AAPL,181.71000000
001690,01,2024-05-07,AAPL,182.40000000
001690,01,2024-05-08,AAPL,182.74000000
001690,01,2024-05-09,AAPL,184.57000000
001690,01,2024-05-10,AAPL,183.05000000
001690,01,2024-05-13,AAPL,186.28000000
001690,01,2024-05-14,AAPL,187.43000000
001690,01,2024-05-15,AAPL,189.72000000
001690,01,2024-05-16,AAPL,189.84000000
001690,01,2024-05-17,AAPL,189.87000000
001690,01,2024-05-20,AAPL,191.04000000
001690,01,2024-05-21,AAPL,192.35000000
001690,01,2024-05-22,AAPL,190.90000000
001690,01,2024-05-23,AAPL,186.88000000
001690,01,2024-05-24,AAPL,189.98000000
001690,01,2024-05-28,AAPL,189.99000000
001690,01,2024-05-29,AAPL,190.29000000
001690,01,2024-05-30,AAPL,191.29000000
001690,01,2024-05-31,AAPL,192.25000000
001690,01,2024-06-03,AAPL,194.03000000
001690,01,2024-06-04,AAPL,194.35000000
001690,01,2024-06-05,AAPL,195.87000000
001690,01,2024-06-06,AAPL,194.48000000
001690,01,2024-06-07,AAPL,196.89000000
001690,01,2024-06-10,AAPL,193.12000000
001690,01,2024-06-11,AAPL,207.15000000
001690,01,2024-06-12,AAPL,213.07000000
001690,01,2024-06-13,AAPL,214.24000000
001690,01,2024-06-14,AAPL,212.49000000
001690,01,2024-06-17,AAPL,216.67000000
001690,01,2024-06-18,AAPL,214.29000000
001690,01,2024-06-20,AAPL,209.68000000
001690,01,2024-06-21,AAPL,207.49000000
001690,01,2024-06-24,AAPL,208.14000000
001690,01,2024-06-25,AAPL,209.07000000
001690,01,2024-06-26,AAPL,213.25000000
001690,01,2024-06-27,AAPL,214.10000000
001690,01,2024-06-28,AAPL,210.62000000
001690,01,2024-07-01,AAPL,216.75000000
001690,01,2024-07-02,AAPL,220.27000000
001690,01,2024-07-03,AAPL,221.55000000
001690,01,2024-07-05,AAPL,226.34000000
001690,01,2024-07-08,AAPL,227.82000000
001690,01,2024-07-09,AAPL,228.68000000
001690,01,2024-07-10,AAPL,232.98000000
001690,01,2024-07-11,AAPL,227.57000000
001690,01,2024-07-12,AAPL,230.54000000
001690,01,2024-07-15,AAPL,234.40000000
001690,01,2024-07-16,AAPL,234.82000000
001690,01,2024-07-17,AAPL,228.88000000
001690,01,2024-07-18,AAPL,224.18000000
001690,01,2024-07-19,AAPL,224.31000000
001690,01,2024-07-22,AAPL,223.96000000
001690,01,2024-07-23,AAPL,225.01000000
001690,01,2024-07-24,AAPL,218.54000000
001690,01,2024-07-25,AAPL,217.49000000
001690,01,2024-07-26,AAPL,217.96000000
001690,01,2024-07-29,AAPL,218.24000000
001690,01,2024-07-30,AAPL,218.80000000
001690,01,2024-07-31,AAPL,222.08000000
001690,01,2024-08-01,AAPL,218.36000000
001690,01,2024-08-02,AAPL,219.86000000
001690,01,2024-08-05,AAPL,209.27000000
001690,01,2024-08-06,AAPL,207.23000000
001690,01,2024-08-07,AAPL,209.82000000
001690,01,2024-08-08,AAPL,213.31000000
001690,01,2024-08-09,AAPL,216.24000000
001690,01,2024-08-12,AAPL,217.53000000
001690,01,2024-08-13,AAPL,221.27000000
001690,01,2024-08-14,AAPL,221.72000000
001690,01,2024-08-15,AAPL,224.72000000
001690,01,2024-08-16,AAPL,226.05000000
004839,01,2023-08-01,F,13.42000000
004839,01,2023-08-02,F,13.04000000
004839,01,2023-08-03,F,13.10000000
004839,01,2023-08-04,F,12.89000000
004839,01,2023-08-07,F,12.94000000
004839,01,2023-08-08,F,12.88000000
004839,01,2023-08-09,F,12.73000000
004839,01,2023-08-10,F,12.16000000
004839,01,2023-08-11,F,12.14000000
004839,01,2023-08-14,F,12.20000000
004839,01,2023-08-15,F,11.98000000
004839,01,2023-08-16,F,11.81000000
004839,01,2023-08-17,F,11.83000000
004839,01,2023-08-18,F,11.96000000
004839,01,2023-08-21,F,11.97000000
004839,01,2023-08-22,F,11.87000000
004839,01,2023-08-23,F,11.96000000
004839,01,2023-08-24,F,11.75000000
004839,01,2023-08-25,F,11.91000000
004839,01,2023-08-28,F,11.90000000
004839,01,2023-08-29,F,12.05000000
004839,01,2023-08-30,F,12.03000000
004839,01,2023-08-31,F,12.13000000
004839,01,2023-09-01,F,12.14000000
004839,01,2023-09-05,F,12.09000000
004839,01,2023-09-06,F,12.07000000
004839,01,2023-09-07,F,11.96000000
004839,01,2023-09-08,F,12.30000000
004839,01,2023-09-11,F,12.22000000
004839,01,2023-09-12,F,12.45000000
004839,01,2023-09-13,F,12.64000000
004839,01,2023-09-14,F,12.62000000
004839,01,2023-09-15,F,12.61000000
004839,01,2023-09-18,F,12.34000000
004839,01,2023-09-19,F,12.56000000
004839,01,2023-09-20,F,12.36000000
004839,01,2023-09-21,F,12.20000000
004839,01,2023-09-22,F,12.43000000
004839,01,2023-09-25,F,12.58000000
004839,01,2023-09-26,F,12.43000000
004839,01,2023-09-27,F,12.39000000
004839,01,2023-09-28,F,12.56000000
004839,01,2023-09-29,F,12.42000000
004839,01,2023-10-02,F,12.31000000
004839,01,2023-10-03,F,12.07000000
004839,01,2023-10-04,F,11.99000000
004839,01,2023-10-05,F,11.90000000
004839,01,2023-10-06,F,12.00000000
004839,01,2023-10-09,F,12.07000000
004839,01,2023-10-10,F,12.20000000
004839,01,2023-10-11,F,12.25000000
004839,01,2023-10-12,F,12.00000000
004839,01,2023-10-13,F,11.81000000
004839,01,2023-10-16,F,11.93000000
004839,01,2023-10-17,F,12.04000000
004839,01,2023-10-18,F,11.75000000
004839,01,2023-10-19,F,11.53000000
004839,01,2023-10-20,F,11.64000000
004839,01,2023-10-23,F,11.48000000
004839,01,2023-10-24,F,11.39000000
004839,01,2023-10-25,F,11.54000000
004839,01,2023-10-26,F,11.35000000
004839,01,2023-10-27,F,9.96000000
004839,01,2023-10-30,F,9.77000000
004839,01,2023-10-31,F,9.75000000
004839,01,2023-11-01,F,9.91000000
004839,01,2023-11-02,F,10.14000000
004839,01,2023-11-03,F,10.56000000
004839,01,2023-11-06,F,10.31000000
004839,01,2023-11-07,F,10.17000000
004839,01,2023-11-08,F,10.05000000
004839,01,2023-11-09,F,9.70000000
004839,01,2023-11-10,F,9.86000000
004839,01,2023-11-13,F,9.82000000
004839,01,2023-11-14,F,10.40000000
004839,01,2023-11-15,F,10.47000000
004839,01,2023-11-16,F,10.16000000
004839,01,2023-11-17,F,10.27000000
004839,01,2023-11-20,F,10.34000000
004839,01,2023-11-21,F,10.19000000
004839,01,2023-11-22,F,10.26000000
004839,01,2023-11-24,F,10.40000000
004839,01,2023-11-27,F,10.34000000
004839,01,2023-11-28,F,10.37000000
004839,01,2023-11-29,F,10.59000000
004839,01,2023-11-30,F,10.26000000
004839,01,2023-12-01,F,10.58000000
004839,01,2023-12-04,F,10.70000000
004839,01,2023-12-05,F,10.60000000
004839,01,2023-12-06,F,10.69000000
004839,01,2023-12-07,F,10.82000000
004839,01,2023-12-08,F,11.01000000
004839,01,2023-12-11,F,11.07000000
004839,01,2023-12-12,F,11.16000000
004839,01,2023-12-13,F,11.24000000
004839,01,2023-12-14,F,12.08000000
004839,01,2023-12-15,F,12.02000000
004839,01,2023-12-18,F,11.93000000
004839,01,2023-12-19,F,12.02000000
004839,01,2023-12-20,F,11.80000000
004839,01,2023-12-21,F,12.34000000
004839,01,2023-12-22,F,12.35000000
004839,01,2023-12-26,F,12.45000000
004839,01,2023-12-27,F,12.39000000
004839,01,2023-12-28,F,12.34000000
004839,01,2023-12-29,F,12.19000000
004839,01,2024-01-02,F,12.16000000
004839,01,2024-01-03,F,11.71000000
004839,01,2024-01-04,F,11.68000000
004839,01,2024-01-05,F,11.85000000
004839,01,2024-01-08,F,11.97000000
004839,01,2024-01-09,F,11.84000000
004839,01,2024-01-10,F,11.83000000
004839,01,2024-01-11,F,11.71000000
004839,01,2024-01-12,F,11.46000000
004839,01,2024-01-16,F,11.46000000
004839,01,2024-01-17,F,11.27000000
004839,01,2024-01-18,F,10.99000000
004839,01,2024-01-19,F,11.20000000
004839,01,2024-01-22,F,11.20000000
004839,01,2024-01-23,F,11.37000000
004839,01,2024-01-24,F,11.03000000
004839,01,2024-01-25,F,11.34000000
004839,01,2024-01-26,F,11.39000000
004839,01,2024-01-29,F,11.55000000
004839,01,2024-01-30,F,11.78000000
004839,01,2024-01-31,F,11.72000000
004839,01,2024-02-01,F,12.10000000
004839,01,2024-02-02,F,12.14000000
004839,01,2024-02-05,F,11.59000000
004839,01,2024-02-06,F,12.07000000
004839,01,2024-02-07,F,12.80000000
004839,01,2024-02-08,F,12.83000000
004839,01,2024-02-09,F,12.68000000
004839,01,2024-02-12,F,12.98000000
004839,01,2024-02-13,F,12.68000000
004839,01,2024-02-14,F,12.56000000
004839,01,2024-02-15,F,12.52000000
004839,01,2024-02-16,F,12.30000000
004839,01,2024-02-20,F,12.25000000
004839,01,2024-02-21,F,12.14000000
004839,01,2024-02-22,F,12.12000000
004839,01,2024-02-23,F,12.14000000
004839,01,2024-02-26,F,11.95000000
004839,01,2024-02-27,F,12.00000000
004839,01,2024-02-28,F,12.30000000
004839,01,2024-02-29,F,12.44000000
004839,01,2024-03-01,F,12.45000000
004839,01,2024-03-04,F,12.74000000
004839,01,2024-03-05,F,12.58000000
004839,01,2024-03-06,F,12.38000000
004839,01,2024-03-07,F,12.41000000
004839,01,2024-03-08,F,12.18000000
004839,01,2024-03-11,F,12.11000000
004839,01,2024-03-12,F,12.11000000
004839,01,2024-03-13,F,12.37000000
004839,01,2024-03-14,F,12.08000000
004839,01,2024-03-15,F,12.06000000
004839,01,2024-03-18,F,12.18000000
004839,01,2024-03-19,F,12.30000000
004839,01,2024-03-20,F,12.90000000
004839,01,2024-03-21,F,12.92000000
004839,01,2024-03-22,F,12.91000000
004839,01,2024-03-25,F,12.90000000
004839,01,2024-03-26,F,12.44000000
004839,01,2024-03-27,F,13.06000000
004839,01,2024-03-28,F,13.28000000
004839,01,2024-04-01,F,13.29000000
004839,01,2024-04-02,F,13.28000000
004839,01,2024-04-03,F,13.65000000
004839,01,2024-04-04,F,13.21000000
004839,01,2024-04-05,F,13.28000000
004839,01,2024-04-08,F,13.41000000
004839,01,2024-04-09,F,13.54000000
004839,01,2024-04-10,F,13.06000000
004839,01,2024-04-11,F,13.04000000
004839,01,2024-04-12,F,12.61000000
004839,01,2024-04-15,F,12.23000000
004839,01,2024-04-16,F,12.09000000
004839,01,2024-04-17,F,12.04000000
004839,01,2024-04-18,F,12.06000000
004839,01,2024-04-19,F,12.14000000
004839,01,2024-04-22,F,12.88000000
004839,01,2024-04-23,F,12.94000000
004839,01,2024-04-24,F,12.95000000
004839,01,2024-04-25,F,13.04000000
004839,01,2024-04-26,F,12.79000000
004839,01,2024-04-29,F,12.75000000
004839,01,2024-04-30,F,12.15000000
004839,01,2024-05-01,F,12.20000000
004839,01,2024-05-02,F,12.49000000
004839,01,2024-05-03,F,12.43000000
004839,01,2024-05-06,F,12.50000000
004839,01,2024-05-07,F,12.17000000
004839,01,2024-05-08,F,12.15000000
004839,01,2024-05-09,F,12.13000000
004839,01,2024-05-10,F,11.99000000
004839,01,2024-05-13,F,12.33000000
004839,01,2024-05-14,F,12.44000000
004839,01,2024-05-15,F,12.31000000
004839,01,2024-05-16,F,12.38000000
004839,01,2024-05-17,F,12.28000000
004839,01,2024-05-20,F,12.15000000
004839,01,2024-05-21,F,12.15000000
004839,01,2024-05-22,F,12.03000000
004839,01,2024-05-23,F,12.11000000
004839,01,2024-05-24,F,12.16000000
004839,01,2024-05-28,F,11.68000000
004839,01,2024-05-29,F,11.56000000
004839,01,2024-05-30,F,11.77000000
004839,01,2024-05-31,F,12.13000000
004839,01,2024-06-03,F,12.19000000
004839,01,2024-06-04,F,12.03000000
004839,01,2024-06-05,F,12.07000000
004839,01,2024-06-06,F,12.07000000
004839,01,2024-06-07,F,12.15000000
004839,01,2024-06-10,F,12.38000000
004839,01,2024-06-11,F,12.11000000
004839,01,2024-06-12,F,12.08000000
004839,01,2024-06-13,F,11.94000000
004839,01,2024-06-14,F,11.71000000
004839,01,2024-06-17,F,11.85000000
004839,01,2024-06-18,F,11.78000000
004839,01,2024-06-20,F,11.94000000
004839,01,2024-06-21,F,11.84000000
004839,01,2024-06-24,F,12.23000000
004839,01,2024-06-25,F,12.09000000
004839,01,2024-06-26,F,12.11000000
004839,01,2024-06-27,F,12.23000000
004839,01,2024-06-28,F,12.54000000
004839,01,2024-07-01,F,12.76000000
004839,01,2024-07-02,F,12.87000000
004839,01,2024-07-03,F,12.87000000
004839,01,2024-07-05,F,12.84000000
004839,01,2024-07-08,F,12.98000000
004839,01,2024-07-09,F,12.90000000
004839,01,2024-07-10,F,13.17000000
004839,01,2024-07-11,F,13.47000000
004839,01,2024-07-12,F,14.03000000
004839,01,2024-07-15,F,14.23000000
004839,01,2024-07-16,F,14.39000000
004839,01,2024-07-17,F,14.48000000
004839,01,2024-07-18,F,14.55000000
004839,01,2024-07-19,F,13.98000000
004839,01,2024-07-22,F,14.12000000
004839,01,2024-07-23,F,13.83000000
004839,01,2024-07-24,F,13.67000000
004839,01,2024-07-25,F,11.16000000
004839,01,2024-07-26,F,11.19000000
004839,01,2024-07-29,F,11.01000000
004839,01,2024-07-30,F,10.84000000
004839,01,2024-07-31,F,10.82000000
004839,01,2024-08-01,F,10.69000000
004839,01,2024-08-02,F,10.03000000
004839,01,2024-08-05,F,9.71000000
004839,01,2024-08-06,F,9.78000000
004839,01,2024-08-07,F,9.77000000
004839,01,2024-08-08,F,10.13000000
004839,01,2024-08-09,F,10.10000000
004839,01,2024-08-12,F,9.86000000
004839,01,2024-08-13,F,10.14000000
004839,01,2024-08-14,F,10.18000000
004839,01,2024-08-15,F,10.46000000
004839,01,2024-08-16,F,10.51000000
005073,19,2023-08-01,GM,38.12000000
005073,19,2023-08-02,GM,37.39000000
005073,19,2023-08-03,GM,36.92000000
005073,19,2023-08-04,GM,36.57000000
005073,19,2023-08-07,GM,37.09000000
005073,19,2023-08-08,GM,36.84000000
005073,19,2023-08-09,GM,36.26000000
005073,19,2023-08-10,GM,34.16000000
005073,19,2023-08-11,GM,33.89000000
005073,19,2023-08-14,GM,34.07000000
005073,19,2023-08-15,GM,33.30000000
005073,19,2023-08-16,GM,32.82000000
005073,19,2023-08-17,GM,32.92000000
005073,19,2023-08-18,GM,33.12000000
005073,19,2023-08-21,GM,33.27000000
005073,19,2023-08-22,GM,32.93000000
005073,19,2023-08-23,GM,33.56000000
005073,19,2023-08-24,GM,32.88000000
005073,19,2023-08-25,GM,32.95000000
005073,19,2023-08-28,GM,33.12000000
005073,19,2023-08-29,GM,33.46000000
005073,19,2023-08-30,GM,33.39000000
005073,19,2023-08-31,GM,33.51000000
005073,19,2023-09-01,GM,33.54000000
005073,19,2023-09-05,GM,33.28000000
005073,19,2023-09-06,GM,32.82000000
005073,19,2023-09-07,GM,32.57000000
005073,19,2023-09-08,GM,32.95000000
005073,19,2023-09-11,GM,32.62000000
005073,19,2023-09-12,GM,33.47000000
005073,19,2023-09-13,GM,33.66000000
005073,19,2023-09-14,GM,33.66000000
005073,19,2023-09-15,GM,33.95000000
005073,19,2023-09-18,GM,33.34000000
005073,19,2023-09-19,GM,33.96000000
005073,19,2023-09-20,GM,33.20000000
005073,19,2023-09-21,GM,32.71000000
005073,19,2023-09-22,GM,32.58000000
005073,19,2023-09-25,GM,33.06000000
005073,19,2023-09-26,GM,32.26000000
005073,19,2023-09-27,GM,32.35000000
005073,19,2023-09-28,GM,33.16000000
005073,19,2023-09-29,GM,32.97000000
005073,19,2023-10-02,GM,32.47000000
005073,19,2023-10-03,GM,31.38000000
005073,19,2023-10-04,GM,31.04000000
005073,19,2023-10-05,GM,30.31000000
005073,19,2023-10-06,GM,30.90000000
005073,19,2023-10-09,GM,30.99000000
005073,19,2023-10-10,GM,31.48000000
005073,19,2023-10-11,GM,30.98000000
005073,19,2023-10-12,GM,30.32000000
005073,19,2023-10-13,GM,29.66000000
005073,19,2023-10-16,GM,30.06000000
005073,19,2023-10-17,GM,30.33000000
005073,19,2023-10-18,GM,29.48000000
005073,19,2023-10-19,GM,29.33000000
005073,19,2023-10-20,GM,29.66000000
005073,19,2023-10-23,GM,29.22000000
005073,19,2023-10-24,GM,28.56000000
005073,19,2023-10-25,GM,29.01000000
005073,19,2023-10-26,GM,28.55000000
005073,19,2023-10-27,GM,27.22000000
005073,19,2023-10-30,GM,27.36000000
005073,19,2023-10-31,GM,28.20000000
005073,19,2023-11-01,GM,28.00000000
005073,19,2023-11-02,GM,28.80000000
005073,19,2023-11-03,GM,29.77000000
005073,19,2023-11-06,GM,29.11000000
005073,19,2023-11-07,GM,28.41000000
005073,19,2023-11-08,GM,27.56000000
005073,19,2023-11-09,GM,26.65000000
005073,19,2023-11-10,GM,26.85000000
005073,19,2023-11-13,GM,26.90000000
005073,19,2023-11-14,GM,28.20000000
005073,19,2023-11-15,GM,28.14000000
005073,19,2023-11-16,GM,27.48000000
005073,19,2023-11-17,GM,28.03000000
005073,19,2023-11-20,GM,28.52000000
005073,19,2023-11-21,GM,27.90000000
005073,19,2023-11-22,GM,28.10000000
005073,19,2023-11-24,GM,28.18000000
005073,19,2023-11-27,GM,28.50000000
005073,19,2023-11-28,GM,28.89000000
005073,19,2023-11-29,GM,31.60000000
005073,19,2023-11-30,GM,31.60000000
005073,19,2023-12-01,GM,32.36000000
005073,19,2023-12-04,GM,33.07000000
005073,19,2023-12-05,GM,32.68000000
005073,19,2023-12-06,GM,32.91000000
005073,19,2023-12-07,GM,33.51000000
005073,19,2023-12-08,GM,33.75000000
005073,19,2023-12-11,GM,33.58000000
005073,19,2023-12-12,GM,33.42000000
005073,19,2023-12-13,GM,33.99000000
005073,19,2023-12-14,GM,36.25000000
005073,19,2023-12-15,GM,35.73000000
005073,19,2023-12-18,GM,35.44000000
005073,19,2023-12-19,GM,35.87000000
005073,19,2023-12-20,GM,35.47000000
005073,19,2023-12-21,GM,36.25000000
005073,19,2023-12-22,GM,36.02000000
005073,19,2023-12-26,GM,36.13000000
005073,19,2023-12-27,GM,36.08000000
005073,19,2023-12-28,GM,36.20000000
005073,19,2023-12-29,GM,35.92000000
005073,19,2024-01-02,GM,36.05000000
005073,19,2024-01-03,GM,35.27000000
005073,19,2024-01-04,GM,35.49000000
005073,19,2024-01-05,GM,35.99000000
005073,19,2024-01-08,GM,36.70000000
005073,19,2024-01-09,GM,36.54000000
005073,19,2024-01-10,GM,36.31000000
005073,19,2024-01-11,GM,35.86000000
005073,19,2024-01-12,GM,35.26000000
005073,19,2024-01-16,GM,35.39000000
005073,19,2024-01-17,GM,35.01000000
005073,19,2024-01-18,GM,34.58000000
005073,19,2024-01-19,GM,35.51000000
005073,19,2024-01-22,GM,35.32000000
005073,19,2024-01-23,GM,35.23000000
005073,19,2024-01-24,GM,34.70000000
005073,19,2024-01-25,GM,35.16000000
005073,19,2024-01-26,GM,35.18000000
005073,19,2024-01-29,GM,35.39000000
005073,19,2024-01-30,GM,38.15000000
005073,19,2024-01-31,GM,38.80000000
005073,19,2024-02-01,GM,38.87000000
005073,19,2024-02-02,GM,38.91000000
005073,19,2024-02-05,GM,37.79000000
005073,19,2024-02-06,GM,38.03000000
005073,19,2024-02-07,GM,38.72000000
005073,19,2024-02-08,GM,38.65000000
005073,19,2024-02-09,GM,38.56000000
005073,19,2024-02-12,GM,39.28000000
005073,19,2024-02-13,GM,38.31000000
005073,19,2024-02-14,GM,38.37000000
005073,19,2024-02-15,GM,38.99000000
005073,19,2024-02-16,GM,38.70000000
005073,19,2024-02-20,GM,39.01000000
005073,19,2024-02-21,GM,39.49000000
005073,19,2024-02-22,GM,39.34000000
005073,19,2024-02-23,GM,39.63000000
005073,19,2024-02-26,GM,39.79000000
005073,19,2024-02-27,GM,40.18000000
005073,19,2024-02-28,GM,40.63000000
005073,19,2024-02-29,GM,40.98000000
005073,19,2024-03-01,GM,40.99000000
005073,19,2024-03-04,GM,40.93000000
005073,19,2024-03-05,GM,40.65000000
005073,19,2024-03-06,GM,40.15000000
005073,19,2024-03-07,GM,39.35000000
005073,19,2024-03-08,GM,39.50000000
005073,19,2024-03-11,GM,39.53000000
005073,19,2024-03-12,GM,39.21000000
005073,19,2024-03-13,GM,40.26000000
005073,19,2024-03-14,GM,39.38000000
005073,19,2024-03-15,GM,40.69000000
005073,19,2024-03-18,GM,40.82000000
005073,19,2024-03-19,GM,41.51000000
005073,19,2024-03-20,GM,42.85000000
005073,19,2024-03-21,GM,43.42000000
005073,19,2024-03-22,GM,43.06000000
005073,19,2024-03-25,GM,43.55000000
005073,19,2024-03-26,GM,44.00000000
005073,19,2024-03-27,GM,44.59000000
005073,19,2024-03-28,GM,45.35000000
005073,19,2024-04-01,GM,45.40000000
005073,19,2024-04-02,GM,44.89000000
005073,19,2024-04-03,GM,45.17000000
005073,19,2024-04-04,GM,43.68000000
005073,19,2024-04-05,GM,44.23000000
005073,19,2024-04-08,GM,44.34000000
005073,19,2024-04-09,GM,44.73000000
005073,19,2024-04-10,GM,43.94000000
005073,19,2024-04-11,GM,43.84000000
005073,19,2024-04-12,GM,43.08000000
005073,19,2024-04-15,GM,42.69000000
005073,19,2024-04-16,GM,42.66000000
005073,19,2024-04-17,GM,42.46000000
005073,19,2024-04-18,GM,42.44000000
005073,19,2024-04-19,GM,42.37000000
005073,19,2024-04-22,GM,43.21000000
005073,19,2024-04-23,GM,45.10000000
005073,19,2024-04-24,GM,45.08000000
005073,19,2024-04-25,GM,45.62000000
005073,19,2024-04-26,GM,45.84000000
005073,19,2024-04-29,GM,46.04000000
005073,19,2024-04-30,GM,44.53000000
005073,19,2024-05-01,GM,44.47000000
005073,19,2024-05-02,GM,44.67000000
005073,19,2024-05-03,GM,44.86000000
005073,19,2024-05-06,GM,45.06000000
005073,19,2024-05-07,GM,45.28000000
005073,19,2024-05-08,GM,45.05000000
005073,19,2024-05-09,GM,45.36000000
005073,19,2024-05-10,GM,45.21000000
005073,19,2024-05-13,GM,45.17000000
005073,19,2024-05-14,GM,45.03000000
005073,19,2024-05-15,GM,45.49000000
005073,19,2024-05-16,GM,45.87000000
005073,19,2024-05-17,GM,45.76000000
005073,19,2024-05-20,GM,45.11000000
005073,19,2024-05-21,GM,44.92000000
005073,19,2024-05-22,GM,43.97000000
005073,19,2024-05-23,GM,43.73000000
005073,19,2024-05-24,GM,44.11000000
005073,19,2024-05-28,GM,43.09000000
005073,19,2024-05-29,GM,42.64000000
005073,19,2024-05-30,GM,43.41000000
005073,19,2024-05-31,GM,44.99000000
005073,19,2024-06-03,GM,45.74000000
005073,19,2024-06-04,GM,45.26000000
005073,19,2024-06-05,GM,45.62000000
005073,19,2024-06-06,GM,45.61000000
005073,19,2024-06-07,GM,45.72000000
005073,19,2024-06-10,GM,47.57000000
005073,19,2024-06-11,GM,48.21000000
005073,19,2024-06-12,GM,48.86000000
005073,19,2024-06-13,GM,47.65000000
005073,19,2024-06-14,GM,46.77000000
005073,19,2024-06-17,GM,47.40000000
005073,19,2024-06-18,GM,47.44000000
005073,19,2024-06-20,GM,47.77000000
005073,19,2024-06-21,GM,47.72000000
005073,19,2024-06-24,GM,48.11000000
005073,19,2024-06-25,GM,46.41000000
005073,19,2024-06-26,GM,45.77000000
005073,19,2024-06-27,GM,45.58000000
005073,19,2024-06-28,GM,46.46000000
005073,19,2024-07-01,GM,46.68000000
005073,19,2024-07-02,GM,46.95000000
005073,19,2024-07-03,GM,46.71000000
005073,19,2024-07-05,GM,46.52000000
005073,19,2024-07-08,GM,46.55000000
005073,19,2024-07-09,GM,46.26000000
005073,19,2024-07-10,GM,46.53000000
005073,19,2024-07-11,GM,47.93000000
005073,19,2024-07-12,GM,49.01000000
005073,19,2024-07-15,GM,49.30000000
005073,19,2024-07-16,GM,49.77000000
005073,19,2024-07-17,GM,49.90000000
005073,19,2024-07-18,GM,49.65000000
005073,19,2024-07-19,GM,48.30000000
005073,19,2024-07-22,GM,49.56000000
005073,19,2024-07-23,GM,46.38000000
005073,19,2024-07-24,GM,46.49000000
005073,19,2024-07-25,GM,44.13000000
005073,19,2024-07-26,GM,44.12000000
005073,19,2024-07-29,GM,44.15000000
005073,19,2024-07-30,GM,44.23000000
005073,19,2024-07-31,GM,44.32000000
005073,19,2024-08-01,GM,43.37000000
005073,19,2024-08-02,GM,41.17000000
005073,19,2024-08-05,GM,39.95000000
005073,19,2024-08-06,GM,40.61000000
005073,19,2024-08-07,GM,40.65000000
005073,19,2024-08-08,GM,42.73000000
005073,19,2024-08-09,GM,43.48000000
005073,19,2024-08-12,GM,42.99000000
005073,19,2024-08-13,GM,43.32000000
005073,19,2024-08-14,GM,43.61000000
005073,19,2024-08-15,GM,44.86000000
005073,19,2024-08-16,GM,45.32000000
005073,19C,2023-08-31,GMM.U,
005073,19C,2023-11-30,GMM.U,
005073,19C,2024-02-29,GMM.U,
005073,19C,2024-06-07,GMM.U,
006066,01,2023-08-01,IBM,143.33000000
006066,01,2023-08-02,IBM,144.17000000
006066,01,2023-08-03,IBM,144.45000000
006066,01,2023-08-04,IBM,144.24000000
006066,01,2023-08-07,IBM,146.18000000
006066,01,2023-08-08,IBM,145.91000000
006066,01,2023-08-09,IBM,142.49000000
006066,01,2023-08-10,IBM,143.25000000
006066,01,2023-08-11,IBM,143.12000000
006066,01,2023-08-14,IBM,141.91000000
006066,01,2023-08-15,IBM,141.87000000
006066,01,2023-08-16,IBM,140.64000000
006066,01,2023-08-17,IBM,140.66000000
006066,01,2023-08-18,IBM,141.41000000
006066,01,2023-08-21,IBM,142.28000000
006066,01,2023-08-22,IBM,141.49000000
006066,01,2023-08-23,IBM,143.41000000
006066,01,2023-08-24,IBM,143.55000000
006066,01,2023-08-25,IBM,145.35000000
006066,01,2023-08-28,IBM,146.02000000
006066,01,2023-08-29,IBM,146.45000000
006066,01,2023-08-30,IBM,146.86000000
006066,01,2023-08-31,IBM,146.83000000
006066,01,2023-09-01,IBM,147.94000000
006066,01,2023-09-05,IBM,148.13000000
006066,01,2023-09-06,IBM,148.06000000
006066,01,2023-09-07,IBM,147.52000000
006066,01,2023-09-08,IBM,147.68000000
006066,01,2023-09-11,IBM,148.38000000
006066,01,2023-09-12,IBM,146.30000000
006066,01,2023-09-13,IBM,146.55000000
006066,01,2023-09-14,IBM,147.35000000
006066,01,2023-09-15,IBM,145.99000000
006066,01,2023-09-18,IBM,145.09000000
006066,01,2023-09-19,IBM,146.52000000
006066,01,2023-09-20,IBM,149.83000000
006066,01,2023-09-21,IBM,147.38000000
006066,01,2023-09-22,IBM,146.91000000
006066,01,2023-09-25,IBM,146.48000000
006066,01,2023-09-26,IBM,143.24000000
006066,01,2023-09-27,IBM,143.17000000
006066,01,2023-09-28,IBM,141.58000000
006066,01,2023-09-29,IBM,140.30000000
006066,01,2023-10-02,IBM,140.80000000
006066,01,2023-10-03,IBM,140.39000000
006066,01,2023-10-04,IBM,141.07000000
006066,01,2023-10-05,IBM,141.52000000
006066,01,2023-10-06,IBM,142.03000000
006066,01,2023-10-09,IBM,142.20000000
006066,01,2023-10-10,IBM,142.11000000
006066,01,2023-10-11,IBM,143.23000000
006066,01,2023-10-12,IBM,141.24000000
006066,01,2023-10-13,IBM,138.46000000
006066,01,2023-10-16,IBM,139.21000000
006066,01,2023-10-17,IBM,140.32000000
006066,01,2023-10-18,IBM,139.97000000
006066,01,2023-10-19,IBM,138.01000000
006066,01,2023-10-20,IBM,137.16000000
006066,01,2023-10-23,IBM,136.38000000
006066,01,2023-10-24,IBM,137.79000000
006066,01,2023-10-25,IBM,137.08000000
006066,01,2023-10-26,IBM,143.76000000
006066,01,2023-10-27,IBM,142.52000000
006066,01,2023-10-30,IBM,142.63000000
006066,01,2023-10-31,IBM,144.64000000
006066,01,2023-11-01,IBM,145.40000000
006066,01,2023-11-02,IBM,147.01000000
006066,01,2023-11-03,IBM,147.90000000
006066,01,2023-11-06,IBM,148.97000000
006066,01,2023-11-07,IBM,148.83000000
006066,01,2023-11-08,IBM,148.03000000
006066,01,2023-11-09,IBM,146.62000000
006066,01,2023-11-10,IBM,149.02000000
006066,01,2023-11-13,IBM,148.10000000
006066,01,2023-11-14,IBM,150.41000000
006066,01,2023-11-15,IBM,152.58000000
006066,01,2023-11-16,IBM,153.06000000
006066,01,2023-11-17,IBM,152.89000000
006066,01,2023-11-20,IBM,154.35000000
006066,01,2023-11-21,IBM,153.91000000
006066,01,2023-11-22,IBM,155.13000000
006066,01,2023-11-24,IBM,155.18000000
006066,01,2023-11-27,IBM,155.57000000
006066,01,2023-11-28,IBM,155.65000000
006066,01,2023-11-29,IBM,156.41000000
006066,01,2023-11-30,IBM,158.56000000
006066,01,2023-12-01,IBM,160.55000000
006066,01,2023-12-04,IBM,161.10000000
006066,01,2023-12-05,IBM,161.39000000
006066,01,2023-12-06,IBM,160.28000000
006066,01,2023-12-07,IBM,160.22000000
006066,01,2023-12-08,IBM,161.96000000
006066,01,2023-12-11,IBM,163.51000000
006066,01,2023-12-12,IBM,164.71000000
006066,01,2023-12-13,IBM,163.62000000
006066,01,2023-12-14,IBM,162.91000000
006066,01,2023-12-15,IBM,162.23000000
006066,01,2023-12-18,IBM,162.74000000
006066,01,2023-12-19,IBM,161.56000000
006066,01,2023-12-20,IBM,160.05000000
006066,01,2023-12-21,IBM,160.78000000
006066,01,2023-12-22,IBM,162.14000000
006066,01,2023-12-26,IBM,163.21000000
006066,01,2023-12-27,IBM,163.46000000
006066,01,2023-12-28,IBM,163.75000000
006066,01,2023-12-29,IBM,163.55000000
006066,01,2024-01-02,IBM,161.50000000
006066,01,2024-01-03,IBM,160.10000000
006066,01,2024-01-04,IBM,160.86000000
006066,01,2024-01-05,IBM,159.16000000
006066,01,2024-01-08,IBM,161.14000000
006066,01,2024-01-09,IBM,160.08000000
006066,01,2024-01-10,IBM,161.23000000
006066,01,2024-01-11,IBM,162.16000000
006066,01,2024-01-12,IBM,165.80000000
006066,01,2024-01-16,IBM,166.96000000
006066,01,2024-01-17,IBM,166.08000000
006066,01,2024-01-18,IBM,166.84000000
006066,01,2024-01-19,IBM,171.48000000
006066,01,2024-01-22,IBM,172.83000000
006066,01,2024-01-23,IBM,173.94000000
006066,01,2024-01-24,IBM,173.93000000
006066,01,2024-01-25,IBM,190.43000000
006066,01,2024-01-26,IBM,187.42000000
006066,01,2024-01-29,IBM,187.14000000
006066,01,2024-01-30,IBM,187.87000000
006066,01,2024-01-31,IBM,183.66000000
006066,01,2024-02-01,IBM,186.90000000
006066,01,2024-02-02,IBM,185.79000000
006066,01,2024-02-05,IBM,183.42000000
006066,01,2024-02-06,IBM,183.41000000
006066,01,2024-02-07,IBM,183.74000000
006066,01,2024-02-08,IBM,184.36000000
006066,01,2024-02-09,IBM,186.34000000
006066,01,2024-02-12,IBM,186.16000000
006066,01,2024-02-13,IBM,183.70000000
006066,01,2024-02-14,IBM,183.57000000
006066,01,2024-02-15,IBM,186.87000000
006066,01,2024-02-16,IBM,187.64000000
006066,01,2024-02-20,IBM,183.44000000
006066,01,2024-02-21,IBM,179.70000000
006066,01,2024-02-22,IBM,184.21000000
006066,01,2024-02-23,IBM,185.72000000
006066,01,2024-02-26,IBM,184.13000000
006066,01,2024-02-27,IBM,184.87000000
006066,01,2024-02-28,IBM,185.30000000
006066,01,2024-02-29,IBM,185.03000000
006066,01,2024-03-01,IBM,188.20000000
006066,01,2024-03-04,IBM,193.06000000
006066,01,2024-03-05,IBM,191.95000000
006066,01,2024-03-06,IBM,196.16000000
006066,01,2024-03-07,IBM,196.54000000
006066,01,2024-03-08,IBM,195.95000000
006066,01,2024-03-11,IBM,191.73000000
006066,01,2024-03-12,IBM,197.78000000
006066,01,2024-03-13,IBM,196.70000000
006066,01,2024-03-14,IBM,193.43000000
006066,01,2024-03-15,IBM,191.07000000
006066,01,2024-03-18,IBM,191.69000000
006066,01,2024-03-19,IBM,193.34000000
006066,01,2024-03-20,IBM,193.96000000
006066,01,2024-03-21,IBM,191.90000000
006066,01,2024-03-22,IBM,190.84000000
006066,01,2024-03-25,IBM,188.79000000
006066,01,2024-03-26,IBM,188.50000000
006066,01,2024-03-27,IBM,190.80000000
006066,01,2024-03-28,IBM,190.96000000
006066,01,2024-04-01,IBM,189.83000000
006066,01,2024-04-02,IBM,188.88000000
006066,01,2024-04-03,IBM,190.90000000
006066,01,2024-04-04,IBM,187.94000000
006066,01,2024-04-05,IBM,189.14000000
006066,01,2024-04-08,IBM,189.82000000
006066,01,2024-04-09,IBM,189.31000000
006066,01,2024-04-10,IBM,186.04000000
006066,01,2024-04-11,IBM,185.90000000
006066,01,2024-04-12,IBM,182.27000000
006066,01,2024-04-15,IBM,181.25000000
006066,01,2024-04-16,IBM,183.75000000
006066,01,2024-04-17,IBM,183.10000000
006066,01,2024-04-18,IBM,181.47000000
006066,01,2024-04-19,IBM,181.58000000
006066,01,2024-04-22,IBM,181.90000000
006066,01,2024-04-23,IBM,182.19000000
006066,01,2024-04-24,IBM,184.10000000
006066,01,2024-04-25,IBM,168.91000000
006066,01,2024-04-26,IBM,167.13000000
006066,01,2024-04-29,IBM,167.43000000
006066,01,2024-04-30,IBM,166.20000000
006066,01,2024-05-01,IBM,164.43000000
006066,01,2024-05-02,IBM,164.69000000
006066,01,2024-05-03,IBM,165.71000000
006066,01,2024-05-06,IBM,168.61000000
006066,01,2024-05-07,IBM,168.38000000
006066,01,2024-05-08,IBM,169.90000000
006066,01,2024-05-09,IBM,166.27000000
006066,01,2024-05-10,IBM,167.15000000
006066,01,2024-05-13,IBM,167.56000000
006066,01,2024-05-14,IBM,167.36000000
006066,01,2024-05-15,IBM,168.26000000
006066,01,2024-05-16,IBM,168.97000000
006066,01,2024-05-17,IBM,169.03000000
006066,01,2024-05-20,IBM,169.92000000
006066,01,2024-05-21,IBM,173.47000000
006066,01,2024-05-22,IBM,173.69000000
006066,01,2024-05-23,IBM,170.67000000
006066,01,2024-05-24,IBM,170.89000000
006066,01,2024-05-28,IBM,169.66000000
006066,01,2024-05-29,IBM,167.05000000
006066,01,2024-05-30,IBM,165.63000000
006066,01,2024-05-31,IBM,166.85000000
006066,01,2024-06-03,IBM,165.28000000
006066,01,2024-06-04,IBM,165.81000000
006066,01,2024-06-05,IBM,167.38000000
006066,01,2024-06-06,IBM,168.20000000
006066,01,2024-06-07,IBM,170.01000000
006066,01,2024-06-10,IBM,170.38000000
006066,01,2024-06-11,IBM,169.32000000
006066,01,2024-06-12,IBM,169.00000000
006066,01,2024-06-13,IBM,169.12000000
006066,01,2024-06-14,IBM,169.21000000
006066,01,2024-06-17,IBM,169.50000000
006066,01,2024-06-18,IBM,170.55000000
006066,01,2024-06-20,IBM,173.92000000
006066,01,2024-06-21,IBM,172.46000000
006066,01,2024-06-24,IBM,175.01000000
006066,01,2024-06-25,IBM,172.60000000
006066,01,2024-06-26,IBM,171.87000000
006066,01,2024-06-27,IBM,170.85000000
006066,01,2024-06-28,IBM,172.95000000
006066,01,2024-07-01,IBM,175.10000000
006066,01,2024-07-02,IBM,177.30000000
006066,01,2024-07-03,IBM,175.73000000
006066,01,2024-07-05,IBM,176.02000000
006066,01,2024-07-08,IBM,177.64000000
006066,01,2024-07-09,IBM,176.48000000
006066,01,2024-07-10,IBM,177.84000000
006066,01,2024-07-11,IBM,178.31000000
006066,01,2024-07-12,IBM,182.83000000
006066,01,2024-07-15,IBM,182.88000000
006066,01,2024-07-16,IBM,185.81000000
006066,01,2024-07-17,IBM,187.45000000
006066,01,2024-07-18,IBM,185.22000000
006066,01,2024-07-19,IBM,183.25000000
006066,01,2024-07-22,IBM,184.15000000
006066,01,2024-07-23,IBM,184.10000000
006066,01,2024-07-24,IBM,184.02000000
006066,01,2024-07-25,IBM,191.98000000
006066,01,2024-07-26,IBM,191.75000000
006066,01,2024-07-29,IBM,191.50000000
006066,01,2024-07-30,IBM,191.04000000
006066,01,2024-07-31,IBM,192.14000000
006066,01,2024-08-01,IBM,189.66000000
006066,01,2024-08-02,IBM,189.12000000
006066,01,2024-08-05,IBM,183.31000000
006066,01,2024-08-06,IBM,186.80000000
006066,01,2024-08-07,IBM,186.80000000
006066,01,2024-08-08,IBM,192.61000000
006066,01,2024-08-09,IBM,191.45000000
006066,01,2024-08-12,IBM,189.48000000
006066,01,2024-08-13,IBM,190.99000000
006066,01,2024-08-14,IBM,192.32000000
006066,01,2024-08-15,IBM,193.95000000
006066,01,2024-08-16,IBM,193.78000000
012141,01,2023-08-01,MSFT,336.34000000
012141,01,2023-08-02,MSFT,327.50000000
012141,01,2023-08-03,MSFT,326.66000000
012141,01,2023-08-04,MSFT,327.78000000
012141,01,2023-08-07,MSFT,330.11000000
012141,01,2023-08-08,MSFT,326.05000000
012141,01,2023-08-09,MSFT,322.23000000
012141,01,2023-08-10,MSFT,322.93000000
012141,01,2023-08-11,MSFT,321.01000000
012141,01,2023-08-14,MSFT,324.04000000
012141,01,2023-08-15,MSFT,321.86000000
012141,01,2023-08-16,MSFT,320.40000000
012141,01,2023-08-17,MSFT,316.88000000
012141,01,2023-08-18,MSFT,316.48000000
012141,01,2023-08-21,MSFT,321.88000000
012141,01,2023-08-22,MSFT,322.46000000
012141,01,2023-08-23,MSFT,327.00000000
012141,01,2023-08-24,MSFT,319.97000000
012141,01,2023-08-25,MSFT,322.98000000
012141,01,2023-08-28,MSFT,323.70000000
012141,01,2023-08-29,MSFT,328.41000000
012141,01,2023-08-30,MSFT,328.79000000
012141,01,2023-08-31,MSFT,327.76000000
012141,01,2023-09-01,MSFT,328.66000000
012141,01,2023-09-05,MSFT,333.55000000
012141,01,2023-09-06,MSFT,332.88000000
012141,01,2023-09-07,MSFT,329.91000000
012141,01,2023-09-08,MSFT,334.27000000
012141,01,2023-09-11,MSFT,337.94000000
012141,01,2023-09-12,MSFT,331.77000000
012141,01,2023-09-13,MSFT,336.06000000
012141,01,2023-09-14,MSFT,338.70000000
012141,01,2023-09-15,MSFT,330.22000000
012141,01,2023-09-18,MSFT,329.06000000
012141,01,2023-09-19,MSFT,328.65000000
012141,01,2023-09-20,MSFT,320.77000000
012141,01,2023-09-21,MSFT,319.53000000
012141,01,2023-09-22,MSFT,317.01000000
012141,01,2023-09-25,MSFT,317.54000000
012141,01,2023-09-26,MSFT,312.14000000
012141,01,2023-09-27,MSFT,312.79000000
012141,01,2023-09-28,MSFT,313.64000000
012141,01,2023-09-29,MSFT,315.75000000
012141,01,2023-10-02,MSFT,321.80000000
012141,01,2023-10-03,MSFT,313.39000000
012141,01,2023-10-04,MSFT,318.95500000
012141,01,2023-10-05,MSFT,319.36000000
012141,01,2023-10-06,MSFT,327.26000000
012141,01,2023-10-09,MSFT,329.82000000
012141,01,2023-10-10,MSFT,328.39000000
012141,01,2023-10-11,MSFT,332.42000000
012141,01,2023-10-12,MSFT,331.16000000
012141,01,2023-10-13,MSFT,327.73000000
012141,01,2023-10-16,MSFT,332.64000000
012141,01,2023-10-17,MSFT,332.06000000
012141,01,2023-10-18,MSFT,330.11000000
012141,01,2023-10-19,MSFT,331.32000000
012141,01,2023-10-20,MSFT,326.67000000
012141,01,2023-10-23,MSFT,329.32000000
012141,01,2023-10-24,MSFT,330.53000000
012141,01,2023-10-25,MSFT,340.67000000
012141,01,2023-10-26,MSFT,327.89000000
012141,01,2023-10-27,MSFT,329.81000000
012141,01,2023-10-30,MSFT,337.31000000
012141,01,2023-10-31,MSFT,338.11000000
012141,01,2023-11-01,MSFT,346.07000000
012141,01,2023-11-02,MSFT,348.32000000
012141,01,2023-11-03,MSFT,352.80000000
012141,01,2023-11-06,MSFT,356.53000000
012141,01,2023-11-07,MSFT,360.53000000
012141,01,2023-11-08,MSFT,363.20000000
012141,01,2023-11-09,MSFT,360.69000000
012141,01,2023-11-10,MSFT,369.67000000
012141,01,2023-11-13,MSFT,366.68000000
012141,01,2023-11-14,MSFT,370.27000000
012141,01,2023-11-15,MSFT,369.67000000
012141,01,2023-11-16,MSFT,376.17000000
012141,01,2023-11-17,MSFT,369.85000000
012141,01,2023-11-20,MSFT,377.44000000
012141,01,2023-11-21,MSFT,373.07000000
012141,01,2023-11-22,MSFT,377.85000000
012141,01,2023-11-24,MSFT,377.43000000
012141,01,2023-11-27,MSFT,378.61000000
012141,01,2023-11-28,MSFT,382.70000000
012141,01,2023-11-29,MSFT,378.85000000
012141,01,2023-11-30,MSFT,378.91000000
012141,01,2023-12-01,MSFT,374.51000000
012141,01,2023-12-04,MSFT,369.14000000
012141,01,2023-12-05,MSFT,372.52000000
012141,01,2023-12-06,MSFT,368.80000000
012141,01,2023-12-07,MSFT,370.95000000
012141,01,2023-12-08,MSFT,374.23000000
012141,01,2023-12-11,MSFT,371.30000000
012141,01,2023-12-12,MSFT,374.38000000
012141,01,2023-12-13,MSFT,374.37000000
012141,01,2023-12-14,MSFT,365.93000000
012141,01,2023-12-15,MSFT,370.73000000
012141,01,2023-12-18,MSFT,372.65000000
012141,01,2023-12-19,MSFT,373.26000000
012141,01,2023-12-20,MSFT,370.62000000
012141,01,2023-12-21,MSFT,373.54000000
012141,01,2023-12-22,MSFT,374.58000000
012141,01,2023-12-26,MSFT,374.66000000
012141,01,2023-12-27,MSFT,374.07000000
012141,01,2023-12-28,MSFT,375.28000000
012141,01,2023-12-29,MSFT,376.04000000
012141,01,2024-01-02,MSFT,370.87000000
012141,01,2024-01-03,MSFT,370.60000000
012141,01,2024-01-04,MSFT,367.94000000
012141,01,2024-01-05,MSFT,367.75000000
012141,01,2024-01-08,MSFT,374.69000000
012141,01,2024-01-09,MSFT,375.79000000
012141,01,2024-01-10,MSFT,382.77000000
012141,01,2024-01-11,MSFT,384.63000000
012141,01,2024-01-12,MSFT,388.47000000
012141,01,2024-01-16,MSFT,390.27000000
012141,01,2024-01-17,MSFT,389.47000000
012141,01,2024-01-18,MSFT,393.87000000
012141,01,2024-01-19,MSFT,398.67000000
012141,01,2024-01-22,MSFT,396.51000000
012141,01,2024-01-23,MSFT,398.90000000
012141,01,2024-01-24,MSFT,402.56000000
012141,01,2024-01-25,MSFT,404.87000000
012141,01,2024-01-26,MSFT,403.93000000
012141,01,2024-01-29,MSFT,409.72000000
012141,01,2024-01-30,MSFT,408.59000000
012141,01,2024-01-31,MSFT,397.58000000
012141,01,2024-02-01,MSFT,403.78000000
012141,01,2024-02-02,MSFT,411.22000000
012141,01,2024-02-05,MSFT,405.65000000
012141,01,2024-02-06,MSFT,405.49000000
012141,01,2024-02-07,MSFT,414.05000000
012141,01,2024-02-08,MSFT,414.11000000
012141,01,2024-02-09,MSFT,420.55000000
012141,01,2024-02-12,MSFT,415.26000000
012141,01,2024-02-13,MSFT,406.32000000
012141,01,2024-02-14,MSFT,409.49000000
012141,01,2024-02-15,MSFT,406.56000000
012141,01,2024-02-16,MSFT,404.06000000
012141,01,2024-02-20,MSFT,402.79000000
012141,01,2024-02-21,MSFT,402.18000000
012141,01,2024-02-22,MSFT,411.65000000
012141,01,2024-02-23,MSFT,410.34000000
012141,01,2024-02-26,MSFT,407.54000000
012141,01,2024-02-27,MSFT,407.48000000
012141,01,2024-02-28,MSFT,407.72000000
012141,01,2024-02-29,MSFT,413.64000000
012141,01,2024-03-01,MSFT,415.50000000
012141,01,2024-03-04,MSFT,414.92000000
012141,01,2024-03-05,MSFT,402.65000000
012141,01,2024-03-06,MSFT,402.09000000
012141,01,2024-03-07,MSFT,409.14000000
012141,01,2024-03-08,MSFT,406.22000000
012141,01,2024-03-11,MSFT,404.52000000
012141,01,2024-03-12,MSFT,415.28000000
012141,01,2024-03-13,MSFT,415.10000000
012141,01,2024-03-14,MSFT,425.22000000
012141,01,2024-03-15,MSFT,416.42000000
012141,01,2024-03-18,MSFT,417.32000000
012141,01,2024-03-19,MSFT,421.41000000
012141,01,2024-03-20,MSFT,425.23000000
012141,01,2024-03-21,MSFT,429.37000000
012141,01,2024-03-22,MSFT,428.74000000
012141,01,2024-03-25,MSFT,422.86000000
012141,01,2024-03-26,MSFT,421.65000000
012141,01,2024-03-27,MSFT,421.43000000
012141,01,2024-03-28,MSFT,420.72000000
012141,01,2024-04-01,MSFT,424.57000000
012141,01,2024-04-02,MSFT,421.44000000
012141,01,2024-04-03,MSFT,420.45000000
012141,01,2024-04-04,MSFT,417.88000000
012141,01,2024-04-05,MSFT,425.52000000
012141,01,2024-04-08,MSFT,424.59000000
012141,01,2024-04-09,MSFT,426.28000000
012141,01,2024-04-10,MSFT,423.26000000
012141,01,2024-04-11,MSFT,427.93000000
012141,01,2024-04-12,MSFT,421.90000000
012141,01,2024-04-15,MSFT,413.64000000
012141,01,2024-04-16,MSFT,414.58000000
012141,01,2024-04-17,MSFT,411.84000000
012141,01,2024-04-18,MSFT,404.27000000
012141,01,2024-04-19,MSFT,399.12000000
012141,01,2024-04-22,MSFT,400.96000000
012141,01,2024-04-23,MSFT,407.57000000
012141,01,2024-04-24,MSFT,409.06000000
012141,01,2024-04-25,MSFT,399.04000000
012141,01,2024-04-26,MSFT,406.32000000
012141,01,2024-04-29,MSFT,402.25000000
012141,01,2024-04-30,MSFT,389.33000000
012141,01,2024-05-01,MSFT,394.94000000
012141,01,2024-05-02,MSFT,397.84000000
012141,01,2024-05-03,MSFT,406.66000000
012141,01,2024-05-06,MSFT,413.54000000
012141,01,2024-05-07,MSFT,409.34000000
012141,01,2024-05-08,MSFT,410.54000000
012141,01,2024-05-09,MSFT,412.32000000
012141,01,2024-05-10,MSFT,414.74000000
012141,01,2024-05-13,MSFT,413.72000000
012141,01,2024-05-14,MSFT,416.56000000
012141,01,2024-05-15,MSFT,423.08000000
012141,01,2024-05-16,MSFT,420.99000000
012141,01,2024-05-17,MSFT,420.21000000
012141,01,2024-05-20,MSFT,425.34000000
012141,01,2024-05-21,MSFT,429.04000000
012141,01,2024-05-22,MSFT,430.52000000
012141,01,2024-05-23,MSFT,427.00000000
012141,01,2024-05-24,MSFT,430.16000000
012141,01,2024-05-28,MSFT,430.32000000
012141,01,2024-05-29,MSFT,429.17000000
012141,01,2024-05-30,MSFT,414.67000000
012141,01,2024-05-31,MSFT,415.13000000
012141,01,2024-06-03,MSFT,413.52000000
012141,01,2024-06-04,MSFT,416.07000000
012141,01,2024-06-05,MSFT,424.01000000
012141,01,2024-06-06,MSFT,424.52000000
012141,01,2024-06-07,MSFT,423.85000000
012141,01,2024-06-10,MSFT,427.87000000
012141,01,2024-06-11,MSFT,432.68000000
012141,01,2024-06-12,MSFT,441.06000000
012141,01,2024-06-13,MSFT,441.58000000
012141,01,2024-06-14,MSFT,442.57000000
012141,01,2024-06-17,MSFT,448.37000000
012141,01,2024-06-18,MSFT,446.34000000
012141,01,2024-06-20,MSFT,445.70000000
012141,01,2024-06-21,MSFT,449.78000000
012141,01,2024-06-24,MSFT,447.67000000
012141,01,2024-06-25,MSFT,450.95000000
012141,01,2024-06-26,MSFT,452.16000000
012141,01,2024-06-27,MSFT,452.85000000
012141,01,2024-06-28,MSFT,446.95000000
012141,01,2024-07-01,MSFT,456.73000000
012141,01,2024-07-02,MSFT,459.28000000
012141,01,2024-07-03,MSFT,460.77000000
012141,01,2024-07-05,MSFT,467.56000000
012141,01,2024-07-08,MSFT,466.24000000
012141,01,2024-07-09,MSFT,459.54000000
012141,01,2024-07-10,MSFT,466.25000000
012141,01,2024-07-11,MSFT,454.70000000
012141,01,2024-07-12,MSFT,453.55000000
012141,01,2024-07-15,MSFT,453.96000000
012141,01,2024-07-16,MSFT,449.52000000
012141,01,2024-07-17,MSFT,443.52000000
012141,01,2024-07-18,MSFT,440.37000000
012141,01,2024-07-19,MSFT,437.11000000
012141,01,2024-07-22,MSFT,442.94000000
012141,01,2024-07-23,MSFT,444.85000000
012141,01,2024-07-24,MSFT,428.90000000
012141,01,2024-07-25,MSFT,418.40000000
012141,01,2024-07-26,MSFT,425.27000000
012141,01,2024-07-29,MSFT,426.73000000
012141,01,2024-07-30,MSFT,422.92000000
012141,01,2024-07-31,MSFT,418.35000000
012141,01,2024-08-01,MSFT,417.11000000
012141,01,2024-08-02,MSFT,408.49000000
012141,01,2024-08-05,MSFT,395.15000000
012141,01,2024-08-06,MSFT,399.61000000
012141,01,2024-08-07,MSFT,398.43000000
012141,01,2024-08-08,MSFT,402.69000000
012141,01,2024-08-09,MSFT,406.02000000
012141,01,2024-08-12,MSFT,406.81000000
012141,01,2024-08-13,MSFT,414.01000000
012141,01,2024-08-14,MSFT,416.86000000
012141,01,2024-08-15,MSFT,421.03000000
012141,01,2024-08-16,MSFT,418.47000000
